Titel;Auteur;Uitgever;Bronbestand
De Feel Good Factor;Esther Sluijs;N/A;WhatsApp Image 2025-07-12 at 18.01.12.jpeg
Horoskoop symbolen;N/A;N/A;WhatsApp Image 2025-07-12 at 18.01.12.jpeg
De Kleine Dokter op vakantie;A. Vogel;N/A;WhatsApp Image 2025-07-12 at 18.01.12.jpeg
Taal van de liefde;Mark Bryan;N/A;WhatsApp Image 2025-07-12 at 18.01.12.jpeg
Eerst geloven, dan zien;Dr. Wayne Dyer;N/A;WhatsApp Image 2025-07-12 at 18.01.12.jpeg
De kunst van het voorspellen;Jo Logan/Lindsay Hodson;N/A;WhatsApp Image 2025-07-12 at 18.01.12.jpeg
Faalangst;N/A;Langedijk;WhatsApp Image 2025-07-12 at 18.01.12.jpeg
De Kleine Dokter over lever-, gal- en suikerziekte.;A. Vogel;Uitgeverij Scholtens;WhatsApp Image 2025-07-12 at 18.01.12.jpeg
Reiki;Baginski/Sharamon;N/A;WhatsApp Image 2025-07-12 at 18.01.12.jpeg
Mars en Venus beginnen opnieuw;John Gray;N/A;WhatsApp Image 2025-07-12 at 18.01.12.jpeg
Ontwikkel het IQ van uw kind;David Lewis;N/A;WhatsApp Image 2025-07-12 at 18.01.12.jpeg
